{"$schema":"https://schema.freqtrade.io/schema.json","max_open_trades":3,"stake_currency":"USDT","stake_amount":"unlimited","tradable_balance_ratio":0.99,"fiat_display_currency":"USD","dry_run":true,"dry_run_wallet":1000,"cancel_open_orders_on_exit":false,"trading_mode":"futures","timeframe":"1m","user_data_dir":".","margin_mode":"isolated","unfilledtimeout":{"entry":10,"exit":10,"exit_timeout_count":0,"unit":"minutes"},"entry_pricing":{"price_side":"same","use_order_book":true,"order_book_top":1,"price_last_balance":0.0,"check_depth_of_market":{"enabled":false,"bids_to_ask_delta":1}},"exit_pricing":{"price_side":"same","use_order_book":true,"order_book_top":1},"exchange":{"name":"okx","key":"REDACTED","secret":"REDACTED","ccxt_config":{},"ccxt_async_config":{},"pair_whitelist":["ETH/USDT:USDT"],"pair_blacklist":[]},"pairlists":[{"method":"StaticPairList","number_assets":20,"sort_key":"quoteVolume","min_value":0,"refresh_period":1800}],"telegram":{"enabled":false,"token":"REDACTED","chat_id":"REDACTED"},"api_server":{"enabled":true,"listen_ip_address":"127.0.0.1","listen_port":8080,"verbosity":"error","enable_openapi":false,"jwt_secret_key":"c545acc2b22e5fd5c4b2c4d5fa6d876888449c20f1130e03404aca417fa70a38","ws_token":"kiKcZkj-pCq8aFlhcbEyM0yK0YixaLtXdw","CORS_origins":[],"username":"freqtrader","password":"REDACTED"},"bot_name":"freqtrade","initial_state":"running","force_entry_enable":false,"internals":{"process_throttle_secs":5},"freqai":{"enabled":true,"purge_old_models":true,"train_period_days":30,"backtest_period_days":7,"identifier":"scheme_d_atr_regressor","freqaimodel":"LightGBMClassifier","feature_parameters":{"include_timeframes":["1m"],"include_corr_pairlist":[],"label_period_candles":6,"include_shifted_candles":2,"indicator_periods_candles":[10,20,50],"indicator_or_parameter_in_features":["rsi","atr","roc","adx"],"weight_factor":0,"principal_component_analysis":false,"use_SVM_to_remove_outliers":false,"stratify_training_data":3,"plot_feature_importances":0},"data_split_parameters":{"test_size":0.2,"random_state":42,"shuffle":false},"data_kitchen_thread_count":4,"confidence_threshold":0,"model_training_parameters":{"n_estimators":800,"learning_rate":0.05,"num_leaves":64,"is_unbalance":true,"objective":"binary","metric":"auc"}},"config_files":["ft_userdir\\config.json"]}